{
  "count": 81,
  "names": [
    "r1c1.png",
    "r1c2.png",
    "r1c3.png",
    "r1c4.png",
    "r1c5.png",
    "r1c6.png",
    "r1c7.png",
    "r1c8.png",
    "r1c9.png",
    "r2c1.png",
    "r2c2.png",
    "r2c3.png",
    "r2c4.png",
    "r2c5.png",
    "r2c6.png",
    "r2c7.png",
    "r2c8.png",
    "r2c9.png",
    "r3c1.png",
    "r3c2.png",
    "r3c3.png",
    "r3c4.png",
    "r3c5.png",
    "r3c6.png",
    "r3c7.png",
    "r3c8.png",
    "r3c9.png",
    "r4c1.png",
    "r4c2.png",
    "r4c3.png",
    "r4c4.png",
    "r4c5.png",
    "r4c6.png",
    "r4c7.png",
    "r4c8.png",
    "r4c9.png",
    "r5c1.png",
    "r5c2.png",
    "r5c3.png",
    "r5c4.png",
    "r5c5.png",
    "r5c6.png",
    "r5c7.png",
    "r5c8.png",
    "r5c9.png",
    "r6c1.png",
    "r6c2.png",
    "r6c3.png",
    "r6c4.png",
    "r6c5.png",
    "r6c6.png",
    "r6c7.png",
    "r6c8.png",
    "r6c9.png",
    "r7c1.png",
    "r7c2.png",
    "r7c3.png",
    "r7c4.png",
    "r7c5.png",
    "r7c6.png",
    "r7c7.png",
    "r7c8.png",
    "r7c9.png",
    "r8c1.png",
    "r8c2.png",
    "r8c3.png",
    "r8c4.png",
    "r8c5.png",
    "r8c6.png",
    "r8c7.png",
    "r8c8.png",
    "r8c9.png",
    "r9c1.png",
    "r9c2.png",
    "r9c3.png",
    "r9c4.png",
    "r9c5.png",
    "r9c6.png",
    "r9c7.png",
    "r9c8.png",
    "r9c9.png"
  ],
  "digits": [
    0,
    2,
    0,
    0,
    3,
    0,
    0,
    4,
    0,
    6,
    0,
    0,
    0,
    0,
    0,
    0,
    0,
    3,
    0,
    0,
    4,
    0,
    0,
    0,
    5,
    0,
    0,
    0,
    0,
    0,
    8,
    0,
    6,
    0,
    0,
    0,
    8,
    0,
    0,
    0,
    1,
    0,
    0,
    0,
    6,
    0,
    0,
    0,
    7,
    0,
    5,
    0,
    0,
    0,
    0,
    0,
    7,
    0,
    0,
    0,
    6,
    0,
    0,
    4,
    0,
    0,
    0,
    0,
    0,
    0,
    0,
    8,
    0,
    3,
    0,
    0,
    4,
    0,
    0,
    2,
    0
  ],
  "probs": [
    0.891688,
    0.98960274,
    0.8926922,
    0.8928819,
    0.86298305,
    0.89219743,
    0.8915782,
    0.5832549,
    0.89214194,
    0.550286,
    0.89451015,
    0.89402795,
    0.8943281,
    0.8933812,
    0.8943053,
    0.89402664,
    0.8933472,
    0.9177667,
    0.8933812,
    0.8936067,
    0.68306786,
    0.89395696,
    0.8933812,
    0.8934803,
    0.92202616,
    0.89338315,
    0.89347297,
    0.8933812,
    0.89337677,
    0.8933812,
    0.6499675,
    0.8933812,
    0.47417718,
    0.89272106,
    0.8933812,
    0.89343715,
    0.66042984,
    0.8935712,
    0.8932652,
    0.893764,
    0.8044637,
    0.8929574,
    0.8925341,
    0.89294004,
    0.44759735,
    0.89684236,
    0.8975569,
    0.8973259,
    0.9588233,
    0.89684236,
    0.81731504,
    0.8967717,
    0.8968327,
    0.89651316,
    0.8929231,
    0.8935201,
    0.96901625,
    0.89403903,
    0.8929231,
    0.8933433,
    0.5753432,
    0.8929176,
    0.89319474,
    0.673594,
    0.89337677,
    0.8933812,
    0.8938209,
    0.8933812,
    0.8933038,
    0.89272106,
    0.8933812,
    0.48271912,
    0.8915266,
    0.9319031,
    0.8913017,
    0.8920943,
    0.6955108,
    0.8918734,
    0.8913376,
    0.93715256,
    0.8919612
  ],
  "margins": [
    0.8589657,
    0.9862186,
    0.8602603,
    0.8604874,
    0.8192891,
    0.8597218,
    0.85887516,
    0.4465865,
    0.8595581,
    0.2735026,
    0.8625645,
    0.86190134,
    0.8622152,
    0.8611058,
    0.86235684,
    0.8620763,
    0.8610421,
    0.89064896,
    0.8611058,
    0.861431,
    0.5936656,
    0.86177397,
    0.8611058,
    0.8612694,
    0.89399195,
    0.86110127,
    0.8611875,
    0.8611058,
    0.86111444,
    0.8611058,
    0.48393494,
    0.8611058,
    0.1796754,
    0.86038095,
    0.8611058,
    0.86115783,
    0.5062746,
    0.8616564,
    0.86122227,
    0.8618631,
    0.7429177,
    0.8608742,
    0.8603594,
    0.8607958,
    0.111771524,
    0.8656547,
    0.8666946,
    0.86637825,
    0.94037706,
    0.8656547,
    0.7385446,
    0.86575294,
    0.8656358,
    0.8652352,
    0.86064726,
    0.86141473,
    0.95642537,
    0.8618476,
    0.86064726,
    0.8612203,
    0.3179249,
    0.86063313,
    0.8609647,
    0.591612,
    0.86111444,
    0.8611058,
    0.8615927,
    0.8611058,
    0.8610505,
    0.86038095,
    0.8611058,
    0.13638848,
    0.8590531,
    0.89931357,
    0.8587498,
    0.85975766,
    0.6239526,
    0.85951483,
    0.8589514,
    0.89405966,
    0.85957843
  ]
}